t,id,age,number_employees,total_effort,output
0, 6, 1,1,0.7435946731232413,0.8329144268675794
0, 8, 1,1,0.7872399091900201,1.133173517073916
0, 12, 1,1,0.9991271450822738,1.4449045677032144
0, 14, 1,1,0.9878186817984432,1.4398158451807204
0, 16, 1,1,0.9118743129669119,1.077956381269573
0, 20, 1,1,0.4513964286884599,0.3213456874734109
0, 21, 1,1,0.6648478540490809,0.7023798460926688
0, 22, 1,1,0.3858273376766701,0.248685395436308
0, 23, 1,1,0.3901068802850106,0.2926492813005991
0, 24, 1,1,0.3969228872783808,0.40046691724018735
1, 6, 2,1,0.980163584255792,1.2702178436714608
1, 8, 2,1,0.9982191262793787,1.5853569278124775
1, 12, 2,5,1.0176389323254347,1.4894057419530522
1, 14, 2,2,0.49604648594818873,0.5257083057573597
1, 21, 2,1,0.8226272130837967,0.962947205427716
2, 12, 3,8,3.2997731644930037,10.83408467798815
2, 25, 1,1,0.6855587161791497,0.9230634614203519
2, 26, 1,1,0.8105200491592535,1.1803263530825816
3, 12, 4,9,1.993298993457258,4.590242471747097
3, 27, 1,1,0.9888340791073528,1.4239268914425398
4, 12, 5,8,1.8745017384100202,4.13715143646856
4, 28, 1,1,0.9991536906463607,0.8523833478897571
4, 29, 1,1,0.8927069652048935,0.8224196704445669
5, 12, 6,8,2.2675947988347014,5.711991309767534
5, 30, 1,1,0.8209770677822066,0.9954333970045877
5, 31, 1,1,0.9871117813770416,1.0304625490719286
6, 12, 7,9,2.4983953266261363,6.73573323122385
6, 32, 1,1,0.9990474588209514,1.257064365770325
7, 12, 8,8,1.6887196028645426,3.469192962799282
7, 33, 1,1,0.9893699407826846,0.95962024470117
7, 34, 1,1,0.9059061599497629,0.9809738671990562
8, 12, 9,8,2.3148973508848716,5.915927133294453
8, 35, 1,1,0.8113427695050021,0.9385818276876589
8, 36, 1,1,0.9989680253272015,1.3046802351873534
9, 12, 10,9,2.508997998751364,6.784485379300912
9, 37, 1,1,0.9886700322595854,1.1065669902438995
10, 12, 11,9,2.376917627309583,6.1879274021044965
10, 38, 1,1,0.9991648691725491,1.075991070422932
11, 12, 12,8,1.7265464967566,3.601131547839495
11, 39, 1,1,0.9882966587813684,1.1449503359805517
11, 40, 1,1,0.8837062029547965,1.0703991577370056
12, 12, 13,8,2.456304100202905,6.543677266498291
12, 41, 1,1,0.7514182935203646,0.8537345213173286
12, 42, 1,1,0.9989671456789536,1.5773960534406783
13, 12, 14,8,1.6647311214174931,3.386609193549899
13, 43, 1,1,0.9875412231796387,1.1074236222260236
13, 44, 1,1,0.8965350807381998,1.1976631805224396
14, 12, 15,8,2.315574325068432,5.918867916219713
14, 45, 1,1,0.806119387471266,0.7593054797093203
14, 46, 1,1,0.9992188623283971,1.3359322493717045
15, 12, 16,8,1.761482065243217,3.724840417765863
15, 47, 1,1,0.988328477451956,1.1792182072098802
15, 48, 1,1,0.8941119947380327,0.9614998540826916
16, 12, 17,8,2.2978843619355396,5.842227454846247
16, 49, 1,1,0.8066728304713096,0.7411910772445385
16, 50, 1,1,0.9991648634498712,1.1903670009155376
17, 12, 18,8,1.7713004313280343,3.7599272872442606
17, 51, 1,1,0.98986201274284,0.9562615115655607
17, 52, 1,1,0.9002306057558974,1.210601479384032
18, 12, 19,7,1.8695989130061417,4.118884044312378
18, 53, 1,1,0.7316398272922351,0.9409562348891229
18, 54, 1,1,0.7931075938869109,0.8110309070894339
18, 55, 1,1,0.9989953438568316,1.2156827970120048
19, 12, 20,8,1.9761585886313404,4.5236337340910024
19, 56, 1,1,0.9866837997141594,1.2622049146362149
19, 57, 1,1,0.8975661237708734,1.25185416348846
20, 12, 21,8,2.2012885265151074,5.431279692625296
20, 58, 1,1,0.8091542766419114,0.8596418203089715
20, 59, 1,1,0.999169855167468,1.2421573375494137
21, 12, 22,8,1.8209495270691294,3.939490594670287
21, 60, 1,1,0.9893169860426743,1.394874506457267
21, 61, 1,1,0.8902127407191954,1.3183864568784238
22, 12, 23,7,1.8558010792876918,4.067659638684624
22, 62, 1,1,0.7446655010244239,0.8992025310701044
22, 63, 1,1,0.8179941594429536,0.8642627738915588
22, 64, 1,1,0.9991334690818109,1.036664171934579
23, 12, 24,8,1.9833880196845597,4.551677197376005
23, 65, 1,1,0.9880575208312862,1.6257760254503215
23, 66, 1,1,0.8889520051044087,0.9027718236673807
24, 12, 25,8,2.1978965902393117,5.417082179512802
24, 67, 1,1,0.808670842330725,1.0653661655169344
24, 68, 1,1,0.9991911434677561,1.4384476825153412
25, 12, 26,8,1.8226330169733767,3.9456415801329756
25, 69, 1,1,0.9891574209394879,1.0612530004994358
25, 70, 1,1,0.9024990866817566,1.0202303878675205
26, 12, 27,8,2.2697993551214344,5.721427954662031
26, 71, 1,1,0.7785183490581301,0.8972448289380892
26, 72, 1,1,0.999119181809361,1.4394220776377253
27, 12, 28,9,2.53565129275018,6.9077024924349315
27, 73, 1,1,0.9898010545820232,0.9429419063331566
28, 12, 29,8,1.6393697310321533,3.3002202586492246
28, 74, 1,1,0.9992702107189986,1.2379903311095704
28, 75, 1,1,0.89194238486501,1.0740275674361168
29, 12, 30,8,2.3704679287311623,6.159398236699891
29, 76, 1,1,0.7913572459354692,1.0366630228360212
29, 77, 1,1,0.9902597910325949,1.1382555266683445
30, 12, 31,8,1.6960323116123561,3.494536040733089
30, 78, 1,1,0.9990279126053009,1.304294781542078
30, 79, 1,1,0.8914738457869874,0.9438507171952556
31, 12, 32,7,1.9221385942391498,4.3164288362694245
31, 80, 1,1,0.7324526915596311,1.0334893729108483
31, 81, 1,1,0.7819577876511234,0.8648636022644146
31, 82, 1,1,0.9887877332425736,1.241263136338431
32, 12, 33,8,1.9155191215810246,4.291323433958778
32, 83, 1,1,0.999151050357169,1.3817955552736851
32, 84, 1,1,0.9011675209556625,1.0075412898577867
33, 12, 34,8,2.2626271616208107,5.690751612510022
33, 85, 1,1,0.7975214193744362,0.8156121411921619
33, 86, 1,1,0.9895998076483856,1.2653653477429327
34, 12, 35,8,1.7525142431488114,3.692915389154827
34, 87, 1,1,0.999038203506143,1.0985236065469723
34, 88, 1,1,0.909113606804398,1.1080263579818543
35, 12, 36,7,1.9065156607603124,4.2572765197413895
35, 89, 1,1,0.7432030591477888,0.7834961154382775
35, 90, 1,1,0.8103045507720313,0.9971491775301253
35, 91, 1,1,0.9886833101078779,1.6720490316281649
36, 12, 37,8,1.9237029452640242,4.322370994282396
36, 92, 1,1,0.9991637447737743,1.6550628170011792
36, 93, 1,1,0.8916291113655721,1.2290594261673262
37, 12, 38,8,2.258826029466666,5.6745222453254165
37, 94, 1,1,0.7814630534141962,1.1463127606223922
37, 95, 1,1,0.986992525461419,1.6010638813678801
38, 12, 39,9,2.5047618761736437,6.764989249959932
38, 96, 1,1,0.9990831350217247,1.234359290833355
39, 12, 40,8,1.6861681993061821,3.4603692216385267
39, 97, 1,1,0.9884676317084035,1.0752907057551724
39, 98, 1,1,0.8983489530665991,0.9263812576210733
40, 12, 41,9,2.9020012765973826,8.696227628594134
40, 99, 1,1,0.9991676501053851,1.140927779868126
41, 12, 42,9,2.270016522533005,5.7223579034777785
41, 100, 1,1,0.989218914822021,1.137349171049903
42, 12, 43,8,1.7233574737866295,3.589927618692222
42, 101, 1,1,0.9991521394576419,1.3116297116071027
42, 102, 1,1,0.9029285778545106,1.0189689684122787
43, 12, 44,7,1.9029249749928847,4.24373043190893
43, 103, 1,1,0.738095131133054,0.78825412645146
43, 104, 1,1,0.7967955246377773,0.9960458783724595
43, 105, 1,1,0.9885163960572785,1.14862574778343
44, 12, 45,8,1.9243673393535556,4.32489573585001
44, 106, 1,1,0.9991310353461439,1.4195232014266015
44, 107, 1,1,0.8921659592518864,1.2307277869869717
45, 12, 46,8,2.2583481604095295,5.672483328396114
45, 108, 1,1,0.798600614181787,1.0081581036140301
45, 109, 1,1,0.9871734940897603,1.418800029832564
46, 12, 47,8,1.7546334434525357,3.7004490960257534
46, 110, 1,1,0.9990540210347147,1.057021257682151
46, 111, 1,1,0.8962406619633482,1.1382489938489067
47, 12, 48,7,1.905845054437751,4.254745219408235
47, 112, 1,1,0.7483408805750456,0.8504512964402366
47, 113, 1,1,0.8176867461532904,0.9160085927299372
47, 114, 1,1,0.9879179533712182,1.2329536151667682
48, 12, 49,8,1.9240453626470773,4.323672124627579
48, 115, 1,1,0.9991571564529225,0.8719215735822434
48, 116, 1,1,0.9104497862765752,0.9153557058853391
49, 12, 50,9,2.808088477110294,8.221027685622037
49, 117, 1,1,0.9903509030065069,1.2440735058538734
50, 12, 51,9,2.262192352605986,5.688894144183756
50, 118, 1,1,0.9991906434962959,0.9275717956162189
51, 12, 52,7,1.2881574244895213,2.203234955897385
51, 119, 1,1,0.7957788924038277,1.2103272015953586
51, 120, 1,1,0.9879384166986113,1.3229377109632638
51, 121, 1,1,0.8957131924080423,1.3215959997697138
52, 12, 53,8,2.6324144870497177,7.362970371426291
52, 122, 1,1,0.7586245618623928,0.6510010965259171
52, 123, 1,1,0.998975917636668,1.6566549918398246
53, 12, 54,9,2.3105909266903035,5.897234587788423
53, 124, 1,1,0.9887673196153108,1.2386419582241461
54, 12, 55,7,1.2241687252264701,2.0238173934517927
54, 125, 1,1,0.8146458756801902,1.0821516776593918
54, 126, 1,1,0.9989895121033286,1.3513853002305367
54, 127, 1,1,0.9057551809231525,0.8812656465991362
55, 12, 56,8,2.6891361023123683,7.635597069942809
55, 128, 1,1,0.733612128980917,0.8991305568641351
55, 129, 1,1,0.9893428368286887,1.4872200165084821
56, 12, 57,9,2.2484228161556676,5.630205712315677
56, 130, 1,1,0.9992544987533101,1.2170416677794111
57, 12, 58,8,1.7664382761112518,3.742534422469232
57, 131, 1,1,0.9894034905820202,1.2929930452966483
57, 132, 1,1,0.8977177015585688,1.0561256820057459
58, 12, 59,7,1.8605479707704728,4.08525166373954
58, 133, 1,1,0.727351701059661,0.9570082922240553
58, 134, 1,1,0.8133534442870161,0.7518404738552893
58, 135, 1,1,0.9989701665100137,1.6040028638048147
59, 12, 60,8,1.9797141969316259,4.537416958425275
59, 136, 1,1,0.989334407963196,1.2208977454265681
59, 137, 1,1,0.8930569378097757,1.2859376185453941
60, 12, 61,7,1.8231231513531947,3.94743315693825
60, 138, 1,1,0.7376047423217033,1.0049437336640146
60, 139, 1,1,0.7840011809557867,0.9486430686815333
60, 140, 1,1,0.9990204570495848,1.2892252510864362
61, 12, 62,8,2.001816268952972,4.623495318277758
61, 141, 1,1,0.988975409171061,1.2252947600693174
61, 142, 1,1,0.8803916470755527,1.040518530740853
62, 12, 63,9,2.7275724301754822,7.822740563797465
62, 143, 1,1,0.9990318760563814,1.088068471316669
63, 12, 64,9,2.334331775419571,6.000598382635661
63, 144, 1,1,0.9881603152109655,1.4111297686695974
64, 12, 65,8,1.699983785719609,3.5082629740704845
64, 145, 1,1,0.9991633493522607,1.1388012706732642
64, 146, 1,1,0.883813436252138,0.9126010546348069
65, 12, 66,7,1.9101218224205567,4.270899487266131
65, 147, 1,1,0.7563363245895197,1.0676266541226316
65, 148, 1,1,0.7902187857577271,1.0946045139475864
65, 149, 1,1,0.9881984424900809,1.205349857509872
66, 12, 67,8,1.9206753186168317,4.3108737624490026
66, 150, 1,1,0.9991589903062273,1.5956526187011764
66, 151, 1,1,0.8970963420207188,1.2537692703051522
67, 12, 68,8,2.260074047481486,5.679848619897969
67, 152, 1,1,0.7934885124828,0.8634706104652643
67, 153, 1,1,0.9865986337508057,1.3107207053807446
68, 12, 69,9,2.504025011082323,6.761600384182316
68, 154, 1,1,0.9991691941264484,1.4764855110469122
69, 12, 70,8,1.686390814667129,3.461138731364109
69, 155, 1,1,0.9872890394492447,1.2655617447858807
69, 156, 1,1,0.8856545326263626,1.4159377826978283
70, 12, 71,7,1.8889913620233232,4.191339171616409
70, 157, 1,1,0.7699282570586639,0.8967281361457917
70, 158, 1,1,0.8210696665228927,0.8253960434227878
70, 159, 1,1,0.9989576876507003,1.1465139393547423
71, 12, 72,8,1.9655162752935653,4.4824858785106425
71, 160, 1,1,0.9890271964810341,1.4980335560364646
71, 161, 1,1,0.8868328462259839,0.911111091513507
72, 12, 73,8,2.206213016607771,5.451920168599203
72, 162, 1,1,0.7987795848388743,1.016332444491254
72, 163, 1,1,0.9991696541870483,0.9730393122035281
73, 12, 74,8,1.8184976143644986,3.930539320245706
73, 164, 1,1,0.9876482298982046,1.1180582317784844
73, 165, 1,1,0.8876141233398834,1.1898535373077372
74, 12, 75,8,2.2717303252598704,5.729698968751293
74, 166, 1,1,0.7962471701035797,0.7584320374751519
74, 167, 1,1,0.9991679558490527,1.2786984976416569
75, 12, 76,8,1.7844644568661816,3.807189575344767
75, 168, 1,1,0.9887097649379559,1.1453874407276854
75, 169, 1,1,0.8901554560679014,0.9965936857050037
76, 12, 77,8,2.2871419515628935,5.795894921457008
76, 170, 1,1,0.7890098426846157,0.922630191881143
76, 171, 1,1,0.9990539005880235,1.6163292588027853
77, 12, 78,8,1.7766402269446782,3.7790682717149484
77, 172, 1,1,0.9885760605777577,1.0173198296504877
77, 173, 1,1,0.8795195997136943,1.3066500854107523
78, 12, 79,9,2.854359290032398,8.45373137800482
78, 174, 1,1,0.9990699026245119,1.5258285308190336
79, 12, 80,8,1.5936147105844403,3.1467703206732796
79, 175, 1,1,0.9886048258533944,1.2967343300460707
79, 176, 1,1,0.9040393597054085,1.2808299366005955
80, 12, 81,7,1.9265440967537437,4.333171955691164
80, 177, 1,1,0.7689465182655562,0.8095889995486393
80, 178, 1,1,0.8365461339053464,0.6944044594183625
80, 179, 1,1,0.9992408115798518,1.246460545370096
81, 12, 82,8,1.9471833537537915,4.411978709011277
81, 180, 1,1,0.9879017596565196,1.300728809165962
81, 181, 1,1,0.8962825087400897,0.9970441024293615
82, 12, 83,7,1.834652014165337,3.9896741008801513
82, 182, 1,1,0.7235677964174086,0.9120168026122129
82, 183, 1,1,0.7925185604949109,0.9480333094317565
82, 184, 1,1,0.9990696315529608,1.6737405407513273
83, 12, 84,8,1.996059609354913,4.601009169545818
83, 185, 1,1,0.9882177013769191,1.498880790002909
83, 186, 1,1,0.8838307489821893,0.936554497910155
84, 12, 85,9,2.7309689766286867,7.8393711727209805
84, 187, 1,1,0.9990731779411278,1.2591912090188655
85, 12, 86,8,1.6284739297811295,3.2633973368328513
85, 188, 1,1,0.9898259986487251,0.977784383035256
85, 189, 1,1,0.9026003551996648,1.155873725179578
86, 12, 87,7,1.9124342932970397,4.279645039875018
86, 190, 1,1,0.7449321167142859,0.9227101999074077
86, 191, 1,1,0.7874924239057562,0.8114878185593998
86, 192, 1,1,0.9990427360197012,1.1355418946812799
87, 12, 88,8,1.9540679789502249,4.438400677117084
87, 193, 1,1,0.9874020325453159,1.2976499807649633
87, 194, 1,1,0.9088100352336032,1.0826237631589763
88, 12, 89,8,2.211689603272521,5.47491390770933
88, 195, 1,1,0.7986268538730968,1.0282049040407566
88, 196, 1,1,0.9992148977266557,0.9618496668181158
89, 12, 90,9,2.570380782935719,7.069674819485002
89, 197, 1,1,0.9869159154510141,1.5455558070971886
90, 12, 91,9,2.3522779055995944,6.079241114765313
90, 198, 1,1,0.9989830369728666,1.459530984401205
91, 12, 92,8,1.7327049980675815,3.6228100838889032
91, 199, 1,1,0.9882546574781857,0.9772093360456562
91, 200, 1,1,0.8843694709042437,1.3116479549471958
92, 12, 93,7,1.870242651473169,4.121280580954277
92, 201, 1,1,0.731148427078656,0.8095878782710764
92, 202, 1,1,0.8181542384329888,0.9051475977256623
92, 203, 1,1,0.999161853269008,1.2428624042109457
93, 12, 94,8,1.9746699644503067,4.517868426158665
93, 204, 1,1,0.9872917900942633,1.103733067353703
93, 205, 1,1,0.8963415668041488,0.9903626599473936
94, 12, 95,8,2.3663407984654383,6.1411721012186575
94, 206, 1,1,0.7358154015795076,0.9924916647200932
94, 207, 1,1,0.9990386754395502,1.2465245811677557
95, 12, 96,8,1.7144517811408388,3.5587180810673447
95, 208, 1,1,0.989861262589741,1.1310453224223078
95, 209, 1,1,0.8877016206298879,1.2621208912590496
96, 12, 97,7,1.8842210581017214,4.1734662313217346
96, 210, 1,1,0.7313363061043187,0.981980027369019
96, 211, 1,1,0.7971634882248504,0.8434732333671733
96, 212, 1,1,0.9989142586473357,1.2165680883227943
97, 12, 98,8,1.9683615007279842,4.493471081665163
97, 213, 1,1,0.9879133952562433,1.3762351266216073
97, 214, 1,1,0.9035234708636729,0.955292576278357
98, 12, 99,7,1.8272274877161634,3.962449222833186
98, 215, 1,1,0.7548856194632525,1.0793645171538362
98, 216, 1,1,0.8087264215483647,1.0674585845128846
98, 217, 1,1,0.9991207102724289,1.4065040643209596
99, 12, 100,8,1.9997729420476786,4.615508510813097
99, 218, 1,1,0.9899046516989335,1.0369031331727814
99, 219, 1,1,0.8979799694264982,1.2435158343435098
100, 12, 101,8,2.1904037183846694,5.385775718164293
100, 220, 1,1,0.7749726345056949,0.9203549881496536
100, 221, 1,1,0.9991937795287074,0.9201110393194407
101, 12, 102,8,1.8263762024493062,3.959332728770188
101, 222, 1,1,0.9881755660149067,0.9494557765210894
101, 223, 1,1,0.9016316701060185,1.0834747862419494
102, 12, 103,8,2.268055924484306,5.713964617096207
102, 224, 1,1,0.8004010529390909,0.9723092514662773
102, 225, 1,1,0.9991223359929589,1.0067666463334028
103, 12, 104,8,1.7863027950359713,3.813809666091993
103, 226, 1,1,0.9897435522764398,1.1347847260600796
103, 227, 1,1,0.901655645575326,1.1685739334445597
104, 12, 105,8,2.2862878062292573,5.792217709181164
104, 228, 1,1,0.8088443384770929,0.7983079861015967
104, 229, 1,1,0.9990419989721432,0.8122346435755043
105, 12, 106,8,1.7770684278267073,3.780604987211528
105, 230, 1,1,0.9887400821269451,1.211842636857026
105, 231, 1,1,0.8883163387890929,0.8599521421940081
106, 12, 107,7,1.867799910549209,4.112189788876093
106, 232, 1,1,0.743627396422685,0.7879730339332003
106, 233, 1,1,0.803130146392976,1.117667815113773
106, 234, 1,1,0.9989751116516788,1.5507448104221848
107, 12, 108,8,1.977078825590068,4.5271992956968345
107, 235, 1,1,0.9885854034941346,0.8162378217316393
107, 236, 1,1,0.8848016113791659,1.1846278155022696
108, 12, 109,7,1.8242899996361186,3.951699702948702
108, 237, 1,1,0.7427244677597375,0.9482668026940124
108, 238, 1,1,0.7994966523093157,1.0857329384311745
108, 239, 1,1,0.9990402035919613,1.4396516714417227
109, 12, 110,8,2.001254404696598,4.6212985577418975
109, 240, 1,1,0.9883189476187171,1.3140737650204724
109, 241, 1,1,0.8884878567242371,0.9090192093808402
110, 12, 111,8,2.189702121465403,5.382848293127731
110, 242, 1,1,0.7981032086542841,1.1653742106387515
110, 243, 1,1,0.9991175185504468,1.6309616800196645
111, 12, 112,8,1.8267231110564084,3.96060261022938
111, 244, 1,1,0.9878229662668488,1.0822844679880768
111, 245, 1,1,0.8956091352758506,1.064669064955129
112, 12, 113,8,2.267893476562505,5.71326941617839
112, 246, 1,1,0.7976317011057501,1.0697299543554974
112, 247, 1,1,0.9992125160682523,1.0306511124086588
113, 12, 114,8,1.786383925942344,3.814101941581197
113, 248, 1,1,0.9890053978095247,1.6426511680670561
113, 249, 1,1,0.8825408332428342,1.3300942615765896
114, 12, 115,9,2.8487360339517735,8.42530287677721
114, 250, 1,1,0.9990926785842117,0.8965623762270205
115, 12, 116,9,2.2904698441567684,5.810231450857373
115, 251, 1,1,0.9897854624495069,1.1760834996480956
116, 12, 117,8,1.7121389519197796,3.5506318496024667
116, 252, 1,1,0.9991700322566971,1.3589275503331932
116, 253, 1,1,0.8932606197244914,0.9262905493688014
117, 12, 118,8,2.3311912009951135,5.9868808521669346
117, 254, 1,1,0.8100491334188301,0.8632369695583848
117, 255, 1,1,0.9876034071429652,0.9351972633681023
118, 12, 119,8,1.7153248392004616,3.561772544279172
118, 256, 1,1,0.9992021182914836,0.7954050389247198
118, 257, 1,1,0.8877568772095642,1.081634174511178
119, 12, 120,7,1.9161002462273202,4.2935249443190715
119, 258, 1,1,0.7305187005000923,0.7862245004719186
119, 259, 1,1,0.7946733678201512,0.784068580197993
119, 260, 1,1,0.9878602668462256,1.3145828728922286
120, 12, 121,8,1.9186089508956106,4.303034342248289
120, 261, 1,1,0.9991085652498234,1.4341721205204283
120, 262, 1,1,0.8933833416439279,0.8280553753237112
121, 12, 122,9,2.8112503698022264,8.236840904230519
121, 263, 1,1,0.9890347882912396,1.143413540874353
122, 12, 123,8,1.5633889588832253,3.0471080459583355
122, 264, 1,1,0.9991912520985484,1.158880781760764
122, 265, 1,1,0.8937309632171161,1.150129517220554
123, 12, 124,7,1.964099970670416,4.47702190210934
123, 266, 1,1,0.7352492053333157,0.9843236168306242
123, 267, 1,1,0.8190990238405762,0.7243630286853407
123, 268, 1,1,0.9893227566311518,1.0906702029751216
124, 12, 125,8,1.8940981512325092,4.210508850124311
124, 269, 1,1,0.9991448928908297,1.3389795506231768
124, 270, 1,1,0.8904408845496621,0.8991332902220808
125, 12, 126,8,2.272656052273516,5.733665986055689
125, 271, 1,1,0.7862498959169628,0.8308033122360773
125, 272, 1,1,0.9887651597324841,1.4227673133793157
126, 12, 127,8,1.747506814744589,3.675140050231152
126, 273, 1,1,0.9989909314487683,1.383408358371868
126, 274, 1,1,0.8964769273636133,1.066290776902806
127, 12, 128,7,1.908072349293029,4.263154936120512
127, 275, 1,1,0.7310199221783603,0.9430094896078315
127, 276, 1,1,0.8209782960509535,0.8532251399508363
127, 277, 1,1,0.9875889621768166,1.2302262050787645
128, 12, 129,8,1.922904547705167,4.319337861200951
128, 278, 1,1,0.9990328996230924,0.9018636423648376
128, 279, 1,1,0.9008884337602571,0.7376036391262604
129, 12, 130,7,1.8723009513760926,4.128947287910272
129, 280, 1,1,0.7290065936914494,0.9435062584152782
129, 281, 1,1,0.8021337988805642,1.0348655492463354
129, 282, 1,1,0.9881873390269246,1.2711643089588913
130, 12, 131,8,1.942969355419546,4.395839293008918
130, 283, 1,1,0.9990987919285128,0.9758418886660585
130, 284, 1,1,0.8970658255102568,1.2415522200617009
131, 12, 132,8,2.250055588723296,5.637151333335487
131, 285, 1,1,0.8050338285635315,0.9781693332948325
131, 286, 1,1,0.9881173867142526,1.0126376816171536
132, 12, 133,8,1.7588269376561352,3.715376108959667
132, 287, 1,1,0.9991470528074018,0.8354713951474737
132, 288, 1,1,0.8956982643340723,1.079650400032187
133, 12, 134,8,2.331488537452452,5.9881789963220555
133, 289, 1,1,0.8159431236303468,0.8694251216657451
133, 290, 1,1,0.9874541392232974,1.2253827757308486
134, 12, 135,8,1.7164609891480436,3.565749123675338
134, 291, 1,1,0.9991839158981268,1.0571537196963672
134, 292, 1,1,0.8873584850420527,1.061966360709565
135, 12, 136,8,2.3505516362886447,6.071657339714891
135, 293, 1,1,0.789330729861985,0.9819465498522431
135, 294, 1,1,0.9885035183379116,1.2517610740519403
136, 12, 137,9,2.450178353723731,6.515924360322373
136, 295, 1,1,0.9990351317787721,1.4334214562506147
137, 12, 138,8,1.7032725832272395,3.5197052903366703
137, 296, 1,1,0.9885455730073256,1.3623993134265506
137, 297, 1,1,0.888909544913236,1.004033642766884
138, 12, 139,8,2.3076219868729075,5.884362257145657
138, 298, 1,1,0.8174277934834936,0.7168366076283961
138, 299, 1,1,0.9990359874665806,1.18324672542099
139, 12, 140,9,2.5130977952462032,6.803376904023967
139, 300, 1,1,0.9876044687796948,0.9992161809089737
140, 12, 141,9,2.375404713810628,6.181230229472286
140, 301, 1,1,0.9991611194071061,1.3431067950457667
141, 12, 142,8,1.7269317601117942,3.602486090627072
141, 302, 1,1,0.9884498259528475,1.507437693666655
141, 303, 1,1,0.8949593271861268,1.105547419004936
142, 12, 143,8,2.293219841708823,5.8220898172393065
142, 304, 1,1,0.8092857111587725,0.8853025309871405
142, 305, 1,1,0.9990441282266858,1.4616240682328148
143, 12, 144,8,1.772384703014045,3.7638106125643644
143, 306, 1,1,0.9877053903599621,1.2009219641874627
143, 307, 1,1,0.8889362665200525,1.01744002097535
144, 12, 145,8,2.433367040896506,6.440019104792874
144, 308, 1,1,0.7384663487079373,0.8635309564130658
144, 309, 1,1,0.9990376406237765,1.5005197309944922
145, 12, 146,7,1.2026038052020678,1.9648086450161908
145, 310, 1,1,0.7893594972407323,1.215697524088659
145, 311, 1,1,0.988998676315905,0.9067705693319406
145, 312, 1,1,0.9002510608547173,1.0807595533974406
146, 12, 147,8,2.6823598876523924,7.602805210691154
146, 313, 1,1,0.7836712824008967,0.8247112482744052
146, 314, 1,1,0.9991386639555073,1.5514327145848665
147, 12, 148,9,2.288893690872519,5.803439513628191
147, 315, 1,1,0.9892673385028625,1.2950141821461199
148, 12, 149,8,1.7061809112304815,3.5298370788951816
148, 316, 1,1,0.9991651708320727,0.8822541521418102
148, 317, 1,1,0.8874867782588695,0.8619527301545039
149, 12, 150,7,1.9080315821816238,4.263000946030279
149, 318, 1,1,0.743514034364888,0.9281605304253202
149, 319, 1,1,0.8039934955590629,0.7211591315042414
149, 320, 1,1,0.9879115250704514,1.6028235411883083
150, 12, 151,8,1.921730855661432,4.314880620850524
150, 321, 1,1,0.9991082598045091,1.0120732279475295
150, 322, 1,1,0.8919303991890258,1.4007821940730187
151, 12, 152,7,1.8724086583266888,4.12934863921388
151, 323, 1,1,0.7638757741519864,0.9416087176058594
151, 324, 1,1,0.8004117894721193,1.00618047183977
151, 325, 1,1,0.988984673480033,1.0687564024985394
152, 12, 153,8,1.9428904938653744,4.395537497098254
152, 326, 1,1,0.9991260512156966,1.0987725143397553
152, 327, 1,1,0.906578282094632,0.8640024524579248
153, 12, 154,8,2.250089131077151,5.63729405682973
153, 328, 1,1,0.7964190182514091,1.02445253657672
153, 329, 1,1,0.9892674926331545,1.5028624827417914
154, 12, 155,8,1.7588097439326114,3.715314854617591
154, 330, 1,1,0.9991085983120376,1.1393203960177856
154, 331, 1,1,0.8924405906541036,1.3269865154474831
155, 12, 156,9,2.8995004922078937,8.683425810825423
155, 332, 1,1,0.9894268915156098,1.1286411369046723
156, 12, 157,9,2.2292051210011596,5.548730663925116
156, 333, 1,1,0.9990536961536806,1.3553380132471595
157, 12, 158,8,1.7840076420724476,3.805545285887252
157, 334, 1,1,0.9897423760463836,1.2230808067335854
157, 335, 1,1,0.9021712363033842,1.1280771894819925
158, 12, 159,8,2.2669476589647197,5.709222477285112
158, 336, 1,1,0.8066430882851523,1.12153091526403
158, 337, 1,1,0.9991140261546606,1.033010907994631
159, 12, 160,8,1.7855613177778578,3.8111389229725785
159, 338, 1,1,0.989176914339578,1.5360573399904949
159, 339, 1,1,0.8889991084550226,0.9384899285632745
160, 12, 161,8,2.427841851052059,6.415155120430824
160, 340, 1,1,0.7495576293222765,0.8236036487978642
160, 341, 1,1,0.9991223269181597,1.1756617953721544
161, 12, 162,8,1.6807498737310995,3.4416622458172896
161, 342, 1,1,0.9882944279910195,1.3166995869107885
161, 343, 1,1,0.8803144504271286,1.1007790385779406
162, 12, 163,8,2.309328453158329,5.891759457600204
162, 344, 1,1,0.7948343118951511,0.9681077821523346
162, 345, 1,1,0.9991470434569703,1.230694638835993
163, 12, 164,8,1.7646968198925321,3.7363132430678303
163, 346, 1,1,0.9868954111984737,1.3194615268443037
163, 347, 1,1,0.889492123629217,1.0091896865834435
164, 12, 165,9,2.8614490557066246,8.489632205645131
164, 348, 1,1,0.9990631964762977,1.4178111911853641
165, 12, 166,8,1.5912497853039242,3.138923455945568
165, 349, 1,1,0.9882214107952006,0.9957445028775284
165, 350, 1,1,0.9022722971515706,1.2999829044269116
166, 12, 167,8,2.3627429785742113,6.125302308448957
166, 351, 1,1,0.8115085551499476,0.7495462785693427
166, 352, 1,1,0.9990749381372676,1.297744520285182
167, 12, 168,8,1.738611651944602,3.643654048769804
167, 353, 1,1,0.9888652998085701,1.4126670780611374
167, 354, 1,1,0.8954196773832123,1.0958616539948958
168, 12, 169,7,1.8802763571691732,4.158711153143641
168, 355, 1,1,0.7370986424254088,0.8232205451645918
168, 356, 1,1,0.812261160623668,0.857175793875787
168, 357, 1,1,0.9990409772536845,1.239513375548838
169, 12, 170,8,1.97074451441499,4.502680531875584
169, 358, 1,1,0.989442768104628,1.2115630903170844
169, 359, 1,1,0.9031095757755453,1.0551401890662937
170, 12, 171,8,2.203850122477008,5.442012181892623
170, 360, 1,1,0.7853143453691356,0.9111808455578678
170, 361, 1,1,0.9990476022703257,1.2824093124639502
171, 12, 172,8,1.8196820032449694,3.934862123974074
171, 362, 1,1,0.9874776656924644,1.236822088560557
171, 363, 1,1,0.8910664317226547,1.225726746626268
172, 12, 173,8,2.4147729044942556,6.356506917907383
172, 364, 1,1,0.7367901647631196,0.8522917636322931
172, 365, 1,1,0.9991161502529203,1.2157183664046496
173, 12, 174,8,1.6876679805460957,3.465554888611435
173, 366, 1,1,0.9870415904150424,1.1116412692643827
173, 367, 1,1,0.8928097226195507,1.0364895964497398
174, 12, 175,8,2.306313405509455,5.8786924975937485
174, 368, 1,1,0.8056264164598278,1.08078777276167
174, 369, 1,1,0.9991057353704694,1.3022205400513116
175, 12, 176,8,1.7662127866006347,3.7417286354860946
175, 370, 1,1,0.9880390028448374,0.944215381200184
175, 371, 1,1,0.8903992549698111,1.0167461706030494
176, 12, 177,9,2.860565647113279,8.485155293592062
176, 372, 1,1,0.998996530016114,1.1620476358553167
177, 12, 178,9,2.2857102351810354,5.78973175135898
177, 373, 1,1,0.9886973047618498,1.4502876880738536
178, 12, 179,9,2.4606326323376404,6.563318196124765
178, 374, 1,1,0.9992028463232546,1.3171123838817222
179, 12, 180,8,1.7046483483758625,3.52449652213229
179, 375, 1,1,0.98636540866258,1.2125255011956682
179, 376, 1,1,0.9055884177822557,0.9548355685545956
180, 12, 181,8,2.3040772627955652,5.869009243094553
180, 377, 1,1,0.7874880128266127,1.023576842256198
180, 378, 1,1,0.9990111326521306,1.1266663415579807
181, 12, 182,8,1.767104967051951,3.7449172748452986
181, 379, 1,1,0.9880603553668942,1.0829290881052127
181, 380, 1,1,0.899313165839226,0.8872671342629614
182, 12, 183,9,2.859892846052982,8.481746369724505
182, 381, 1,1,0.9991349448434301,1.357984768615162
183, 12, 184,8,1.5918683148247488,3.1409749445264707
183, 382, 1,1,0.9877161255685163,1.3136559586958676
183, 383, 1,1,0.9024438407584031,1.2928097084307533
184, 12, 185,7,1.9272511923434847,4.335861843988074
184, 384, 1,1,0.7229509042987684,0.806742317057079
184, 385, 1,1,0.8099975678624332,1.0069464254363383
184, 386, 1,1,0.999136431061162,1.2450337864221988
185, 12, 186,9,2.732017198865454,7.844506662252768
185, 387, 1,1,0.9895095832708865,1.2498758087815462
186, 12, 187,8,1.5642254938127391,3.049847983225384
186, 388, 1,1,0.9990683415440362,1.2684039887131262
186, 389, 1,1,0.9002658113321942,1.3783453827947554
187, 12, 188,8,2.4062002778519624,6.318161372865353
187, 390, 1,1,0.8199618207202553,0.9110471701789022
187, 391, 1,1,0.9894387667493579,1.1201988488197068
188, 12, 189,8,1.6784722746895717,3.433811618291979
188, 392, 1,1,0.9991467889063174,1.4118045569455535
188, 393, 1,1,0.9085149752014121,0.9744911588327563
189, 12, 190,8,2.3681192261827673,6.149023124673978
189, 394, 1,1,0.8230580359322744,1.0360904915878395
189, 395, 1,1,0.988038027192064,1.3966933478515358
190, 12, 191,8,1.6978821468205858,3.5009592918908803
190, 396, 1,1,0.9991679095578472,1.4375592563174342
190, 397, 1,1,0.8876162129507208,1.0485924853292299
191, 12, 192,7,1.9214028457071357,4.3136353129449505
191, 398, 1,1,0.7481963096099532,0.7666438313016013
191, 399, 1,1,0.8034303085589241,0.848803975838774
191, 400, 1,1,0.9898707472690703,1.19009179496335
192, 12, 193,8,1.9158811007370953,4.292694685466586
192, 401, 1,1,0.9991739893966599,1.377305373446668
192, 402, 1,1,0.9031784506353939,0.9836904162802821
193, 12, 194,8,2.425035962545932,6.402544029431042
193, 403, 1,1,0.7525303994307279,0.9875899934780696
193, 404, 1,1,0.9892039926414005,1.2132563043130533
194, 12, 195,8,1.6453081338225335,3.3203632636829514
194, 405, 1,1,0.9990502090359246,1.5599189709566255
194, 406, 1,1,0.8963403021440716,1.2098170376586224
195, 12, 196,7,1.9344120260838713,4.363142673264382
195, 407, 1,1,0.7565529167731166,0.9950542532727471
195, 408, 1,1,0.8034349962818562,1.217093043009018
195, 409, 1,1,0.9868665654264984,1.5375326104668021
196, 12, 197,8,1.9089117288112227,4.266326060648899
196, 410, 1,1,0.9991246326935342,1.1353604529884787
196, 411, 1,1,0.9038379691334262,0.9093562897203775
197, 12, 198,7,1.8769484094814302,4.146280333899141
197, 412, 1,1,0.7454860209448811,0.9993337605746891
197, 413, 1,1,0.8079462789376286,0.8005585909253057
197, 414, 1,1,0.9879506413116039,1.2831409513539687
198, 12, 199,8,1.9406133473103218,4.386826873435001
198, 415, 1,1,0.999022669123574,1.0814253756611438
198, 416, 1,1,0.9045236265238218,1.209357945089772
199, 12, 200,8,2.2511609733381444,5.641855582241679
199, 417, 1,1,0.8096921372996125,0.9945411680174975
199, 418, 1,1,0.9887001469920019,0.8692783791005428
200, 12, 201,9,2.5092036359461223,6.7854324040256895
200, 419, 1,1,0.9989644786571635,1.4302296867003035
201, 12, 202,8,1.684876358846231,3.45590518022786
201, 420, 1,1,0.9887397503426962,1.4276797077920804
201, 421, 1,1,0.8887332866113873,1.1387795341186988
202, 12, 203,8,2.3167793573629645,5.924104132294563
202, 422, 1,1,0.8312080538049047,0.7922674476114201
202, 423, 1,1,0.9990215430125399,1.0091063846991712
203, 12, 204,8,1.7609539961837553,3.7229572785986145
203, 424, 1,1,0.9889219593610679,1.437888723771446
203, 425, 1,1,0.8844207970383364,1.2779850209232024
204, 12, 205,8,2.297987579973705,5.842673402651932
204, 426, 1,1,0.7999028772975952,0.9029117436942764
204, 427, 1,1,0.9992152453998726,0.9998900870855955
205, 12, 206,8,1.7712018739960662,3.7595743881325476
205, 428, 1,1,0.987017333555246,1.3317268584867048
205, 429, 1,1,0.8847645844488109,1.251226578702316
206, 12, 207,7,1.8695821972022038,4.118821821918742
206, 430, 1,1,0.7512521135881757,0.8933742978945886
206, 431, 1,1,0.7968702756483748,0.8258382209305688
206, 432, 1,1,0.999230998437071,1.3113161251125227
207, 12, 208,8,1.97616231561146,4.523648172281116
207, 433, 1,1,0.9888166727592869,1.4607636848037187
207, 434, 1,1,0.9033829247983826,0.9993529205993321
208, 12, 209,9,2.7425328140832343,7.896104689524064
208, 435, 1,1,0.9990413108578547,1.298338987340264
209, 12, 210,9,2.3283557438469122,5.974507537424499
209, 436, 1,1,0.9899260096968655,1.01790859376553
210, 12, 211,8,1.7015019231114865,3.513542878030553
210, 437, 1,1,0.999134188740082,1.1286363607294387
210, 438, 1,1,0.9010644507928747,1.1605821508227878
211, 12, 212,8,2.336367578632396,6.009497605243387
211, 439, 1,1,0.80426569954538,0.872288775629533
211, 440, 1,1,0.9897400021896513,1.1809586500752103
212, 12, 213,9,2.4577218512877836,6.550107613986583
212, 441, 1,1,0.9990101886885977,1.6083214121558367
213, 12, 214,8,1.7009757867993582,3.5117126553864297
213, 442, 1,1,0.9884166780999365,1.1864385904627675
213, 443, 1,1,0.88357638956259,1.1602200079919973
214, 12, 215,8,2.308759406959043,5.889292311918263
214, 444, 1,1,0.7882000847335325,1.049382392542202
214, 445, 1,1,0.999172990771077,1.497345694341852
215, 12, 216,8,1.764852401757104,3.736868864741645
215, 446, 1,1,0.9902659462118367,1.0753429901241278
215, 447, 1,1,0.902701139722783,0.9186342886239335
216, 12, 217,8,2.2961434133406544,5.834707971892309
216, 448, 1,1,0.8129129169334028,0.8256027788404637
216, 449, 1,1,0.9992336681967389,1.1252307637825032
217, 12, 218,8,1.7721186655021688,3.762857639816021
217, 450, 1,1,0.9901105850319694,0.9144331049694567
217, 451, 1,1,0.8830197746882025,1.1038077556933519
218, 12, 219,8,2.292840521667704,5.820453523838281
218, 452, 1,1,0.7904025087284716,1.1005097889604016
218, 453, 1,1,0.9991944255695026,1.282556036232304
219, 12, 220,8,1.7737745361557147,3.7687908014464324
219, 454, 1,1,0.9880317164023432,1.3008066451462814
219, 455, 1,1,0.9010657578207455,1.264503109973349
220, 12, 221,8,2.2920710055544156,5.817134623503218
220, 456, 1,1,0.8163859065612823,0.9725140625171347
220, 457, 1,1,0.9991463745392279,1.2761971359721191
221, 12, 222,8,1.7741601816064716,3.7701731811699917
221, 458, 1,1,0.9886958936660672,1.3612487153816955
221, 459, 1,1,0.9033139993939372,0.9428012670310139
222, 12, 223,7,1.8686732216421087,4.1154388817774485
222, 460, 1,1,0.7515821287621727,1.0109194303212963
222, 461, 1,1,0.8250579352253333,0.7905869594313575
222, 462, 1,1,0.999165364242751,1.1228780694315224
223, 12, 224,8,1.976628674389813,4.525454984719823
223, 463, 1,1,0.9889551280477149,1.3418947342426288
223, 464, 1,1,0.9131210302869234,0.8501904145664985
224, 12, 225,8,2.2010628619128187,5.430334643760698
224, 465, 1,1,0.8075309770163488,1.0455309540638138
224, 466, 1,1,0.9991103094948187,1.0294299561072615
225, 12, 226,8,1.8210619176330947,3.9399011100892647
225, 467, 1,1,0.9871150610747499,1.631342276758696
225, 468, 1,1,0.8972906283045108,1.130668384340862
226, 12, 227,8,2.2705337516247903,5.724573028556748
226, 469, 1,1,0.8080907159680796,0.8275125192879063
226, 470, 1,1,0.9991704712322448,1.1761747116128904
227, 12, 228,8,1.7850629668969435,3.8093443493082972
227, 471, 1,1,0.9873641834173541,1.4880413623474291
227, 472, 1,1,0.9017822703600421,1.2030239144375845
228, 12, 229,8,2.286863823446598,5.794697432602998
228, 473, 1,1,0.7981104145817669,0.8631194236928662
228, 474, 1,1,0.9990511780506033,1.2497573692329782
229, 12, 230,8,1.776779648238029,3.779568593822715
229, 475, 1,1,0.9901736044946515,0.9217735636059694
229, 476, 1,1,0.9048940445153393,1.1508947786720503
230, 12, 231,8,2.2906791275795024,5.811133546933378
230, 477, 1,1,0.7868347854637452,0.7841707030988138
230, 478, 1,1,0.9991505841242262,1.1818250955571614
231, 12, 232,8,1.7748590070346126,3.772678731228912
231, 479, 1,1,0.9883499032117938,1.320146306325206
231, 480, 1,1,0.892633598721838,0.9565401928180404
232, 12, 233,8,2.2915680410681754,5.814965789050351
232, 481, 1,1,0.8244379681118736,0.9966614585708726
232, 482, 1,1,0.9990830822336755,1.2842706634571626
233, 12, 234,8,1.7744125471154835,3.7710779240579817
233, 483, 1,1,0.9879481844813796,1.2726954753826796
233, 484, 1,1,0.9023945446071794,1.150313941410836
234, 12, 235,7,1.8685969248825915,4.115154981468562
234, 485, 1,1,0.7396652790528956,0.9714936036402826
234, 486, 1,1,0.7990730219058956,0.8747899692777427
234, 487, 1,1,0.9991743442044598,1.0170551123312523
235, 12, 236,8,1.9766679475145659,4.525607154502373
235, 488, 1,1,0.9882490252261502,0.9719414135601964
235, 489, 1,1,0.8954746165098129,1.003531312287312
236, 12, 237,8,2.201044360707813,5.4302571666530115
236, 490, 1,1,0.8276301881705503,0.9335558679047405
236, 491, 1,1,0.9990245974324056,1.2498060429120834
237, 12, 238,8,1.821071083414421,3.9399345896328226
237, 492, 1,1,0.9874520029534329,1.2930512445308509
237, 493, 1,1,0.8946033252226311,1.0632416381590253
238, 12, 239,7,1.855762715631239,4.0675175942554365
238, 494, 1,1,0.7606534127671664,0.9467384224640014
238, 495, 1,1,0.7902839146180021,0.8987551491009342
238, 496, 1,1,0.9989682384348799,1.6393623277966294
239, 12, 240,8,1.983407597688959,4.551753242035125
239, 497, 1,1,0.9879575571766367,1.588198307880913
239, 498, 1,1,0.8917951050967908,1.0997643614491381
240, 12, 241,8,2.1978873443405873,5.4170435009300295
240, 499, 1,1,0.7833791861099461,1.1678161209735323
240, 500, 1,1,0.9990606225812807,1.3011546376625933
241, 12, 242,9,2.578276348310514,7.106721950226378
241, 501, 1,1,0.9878318393033723,1.599794206632653
242, 12, 243,8,1.6255530693817302,3.253555986712164
242, 502, 1,1,0.999060680543225,1.2615417403371632
242, 503, 1,1,0.892473765532664,1.1824652053249465
243, 12, 244,8,2.377253751778143,6.189415735369928
243, 504, 1,1,0.8008653509247072,0.9158775344980032
243, 505, 1,1,0.9880966264127704,1.0183130950899772
244, 12, 245,9,2.4344341595270946,6.444825991810805
244, 506, 1,1,0.9992032815727253,0.8505400167730771
245, 12, 246,8,1.7076212610166448,3.5348594320190845
245, 507, 1,1,0.9867365352442237,1.3087044700028219
245, 508, 1,1,0.8902878182214705,1.0570883832639213
246, 12, 247,7,1.880398070021966,4.159166085086958
246, 509, 1,1,0.751581072071051,0.8560920744510933
246, 510, 1,1,0.7966325542558085,0.8881710262388296
246, 511, 1,1,0.9990415228316986,1.3094255577900427
247, 12, 248,8,1.9697118826185687,4.498688812863099
247, 512, 1,1,0.9886807094498946,1.215454050374735
247, 513, 1,1,0.90377218224672,0.9388651831644966
248, 12, 249,8,2.2042058003231615,5.443503103535989
248, 514, 1,1,0.79136490105274,1.1764652116232805
248, 515, 1,1,0.9990694927573908,1.4183751370108972
249, 12, 250,8,1.8194877853881368,3.934153125575918
249, 516, 1,1,0.9872638904256302,1.2973170602347541
249, 517, 1,1,0.8997497415786141,0.906324541276695
250, 12, 251,7,1.856250484378325,4.0693237532959206
250, 518, 1,1,0.7511203911431967,0.9047044488527336
250, 519, 1,1,0.8026391369873894,0.8423669992666873
250, 520, 1,1,0.9991589174269097,0.9022763893082637
251, 12, 252,8,1.983157478185288,4.550781771451146
251, 521, 1,1,0.9883529409073729,1.2268608577173477
251, 522, 1,1,0.8878110219135392,1.1766619153202538
252, 12, 253,8,2.19800530274651,5.417536967902836
252, 523, 1,1,0.8167626446229574,0.89980003741511
252, 524, 1,1,0.9991976626415809,1.3134353880053438
253, 12, 254,8,1.8225791736784105,3.945444789086458
253, 525, 1,1,0.9878220833259828,1.5401089267889918
253, 526, 1,1,0.900275505715948,1.0718494405195065
254, 12, 255,8,2.4135273357339666,6.350929311248613
254, 527, 1,1,0.7267143887366639,0.9182459596998684
254, 528, 1,1,0.9991246799204092,1.3570465264488294
255, 12, 256,9,2.424766107923776,6.4013317239937875
255, 529, 1,1,0.9883659454446128,1.1937683704164994
256, 12, 257,8,1.6696429329363283,3.4034499328988517
256, 530, 1,1,0.9990361168226352,1.242343406791982
256, 531, 1,1,0.9047554851695502,0.8589045454110559
257, 12, 258,7,1.9221110034729771,4.31632406450171
257, 532, 1,1,0.7545173589817705,0.9404264918869295
257, 533, 1,1,0.8160717269716347,0.8769393851786795
257, 534, 1,1,0.9874173902573877,1.313784532084202
258, 12, 259,8,1.9147696395001779,4.288484834669966
258, 535, 1,1,0.9990540050655284,1.4189051151986147
258, 536, 1,1,0.8842690953142309,1.0428966333905851
259, 12, 260,9,2.8134343262249373,8.247770866656793
259, 537, 1,1,0.9881561994741643,1.4515410756868727
260, 12, 261,9,2.260022148140994,5.679627077940461
260, 538, 1,1,0.9989693549329897,1.288538196592661
261, 12, 262,8,1.7668791136537911,3.7441099690250286
261, 539, 1,1,0.9884004743454972,1.0295458432923235
261, 540, 1,1,0.8854348145035629,1.185663647420134
262, 12, 263,8,2.2740221279913118,5.73952216921707
262, 541, 1,1,0.7891759020094276,1.0309779806382777
262, 542, 1,1,0.9990009682960109,1.212669160723796
263, 12, 264,8,1.7819232567792809,3.798046446539202
263, 543, 1,1,0.9885173774786434,1.3616304273713147
263, 544, 1,1,0.8851784992403221,1.0775268993912208
264, 12, 265,8,2.2881634045762143,5.800293723636829
264, 545, 1,1,0.7949357935599846,0.7777587215867381
264, 546, 1,1,0.9991197400115175,1.1798839272178703
265, 12, 266,9,2.524946322695314,6.858100017752925
265, 547, 1,1,0.9869217149492526,1.339029987132368
266, 12, 267,8,1.6426909445006457,3.311479364424179
266, 548, 1,1,0.9991821025617789,1.1058816988987787
266, 549, 1,1,0.8922835183183113,1.1179525432626947
267, 12, 268,8,2.368823915747368,6.152135222308601
267, 550, 1,1,0.8225378801850742,1.052383916769386
267, 551, 1,1,0.9889796544427268,1.494288470206855
268, 12, 269,9,2.439228265544121,6.466440164354781
268, 552, 1,1,0.9991669000180563,1.5837953583538391
269, 12, 270,8,1.7062853956325539,3.530201303245417
269, 553, 1,1,0.9896322281723793,1.4851127126837638
269, 554, 1,1,0.886665978594029,1.0442143353748818
270, 12, 271,7,1.8809387555028585,4.161187287110376
270, 555, 1,1,0.7476908567810773,0.9364513780824926
270, 556, 1,1,0.8063702953928624,0.9556292286581813
270, 557, 1,1,0.9990394893917398,1.2946339559576696
271, 12, 272,8,1.9694478961525492,4.4976685945691885
271, 558, 1,1,0.9879429993871081,1.2142229451458888
271, 559, 1,1,0.899000689202415,1.0274518291260624
272, 12, 273,8,2.204332093837131,5.444032539489158
272, 560, 1,1,0.8184951892548065,1.0455454193778575
272, 561, 1,1,0.9991005333827294,1.325475846254255
273, 12, 274,8,1.8194254840416582,3.933925704066793
273, 562, 1,1,0.9879939613328972,1.5998576481731375
273, 563, 1,1,0.8954312406108211,0.8331988380489451
274, 12, 275,7,1.856270340374838,4.069397285300612
274, 564, 1,1,0.7522298208070669,0.9318492359353311
274, 565, 1,1,0.7969740940314496,0.7522696521929426
274, 566, 1,1,0.9990846387915038,1.2996821966694019
275, 12, 276,8,1.9831473645648434,4.550742491747429
275, 567, 1,1,0.9873870008548364,1.399426326787554
275, 568, 1,1,0.9034377861388471,1.1499387151430835
276, 12, 277,8,2.1980100816429236,5.417556960333188
276, 569, 1,1,0.7952941351808617,1.1618059275450323
276, 570, 1,1,0.9991058405092912,1.3225988565064462
277, 12, 278,8,1.822576808126624,3.9454361433627003
277, 571, 1,1,0.9898086096272715,1.0431103144735072
277, 572, 1,1,0.8923613144185285,1.1761765053078213
278, 12, 279,7,1.8552893019449754,4.065764916952809
278, 573, 1,1,0.7315676494581793,0.9364540817665141
278, 574, 1,1,0.8241567591857166,1.0079407436761922
278, 575, 1,1,0.9990895153293783,1.3026498163299098
279, 12, 280,8,1.983649374204399,4.552692392202051
279, 576, 1,1,0.9882017008515079,1.2979962082353778
279, 577, 1,1,0.8827581823915917,1.1656435107366363
280, 12, 281,8,2.1977731876354696,5.416565956241078
280, 578, 1,1,0.803748573630786,0.9418545615963635
280, 579, 1,1,0.9992178505279866,1.0063949543717154
281, 12, 282,8,1.8226941139769974,3.945864887708405
281, 580, 1,1,0.9899542589193768,0.812506735474638
281, 581, 1,1,0.9062833550772047,0.9292292147875147
282, 12, 283,8,2.269770762276337,5.721305519905882
282, 582, 1,1,0.8057310071902868,0.8646021713101105
282, 583, 1,1,0.9990357063902363,1.0834404922577183
283, 12, 284,8,1.7854443094186365,3.810717540720133
283, 584, 1,1,0.9873902937713593,1.5753084503448764
283, 585, 1,1,0.8961414749529566,1.0016069788424056
284, 12, 285,8,2.427943264549267,6.415611122702537
284, 586, 1,1,0.7338285112119921,0.778048345033623
284, 587, 1,1,0.9989834799314642,1.2804947136130733
285, 12, 286,8,1.6807129145827457,3.4415347909727467
285, 588, 1,1,0.9885202755545097,1.2945125958818673
285, 589, 1,1,0.8895443042430337,1.393730317983442
286, 12, 287,7,1.894211089290597,4.210933213739756
286, 590, 1,1,0.7541753400565339,0.8446034759599721
286, 591, 1,1,0.8114536569681751,0.9169353807057095
286, 592, 1,1,0.9991719085707426,1.029580807986012
287, 12, 288,8,1.9631967130862893,4.473538697837718
287, 593, 1,1,0.9874295345156084,1.4794387929900763
287, 594, 1,1,0.8940792943220326,0.937926571847915
288, 12, 289,9,2.750135336170059,7.933498790140628
288, 595, 1,1,0.999111758983469,1.4622633134457124
289, 12, 290,8,1.622349703941476,3.2427773049517263
289, 596, 1,1,0.9890406620406982,1.4530940709337687
289, 597, 1,1,0.8987991230726671,1.2402907666403
290, 12, 291,8,2.3464613182690184,6.053704056734437
290, 598, 1,1,0.8017844684500127,0.8413853532327364
290, 599, 1,1,0.9991691101935367,1.4922681166601557
291, 12, 292,8,1.7465155117595392,3.6716254547631326
291, 600, 1,1,0.9902530436122022,1.3293192315848938
291, 601, 1,1,0.8962114361722868,1.3450800888236167
292, 12, 293,7,1.8777001318553124,4.149086843018451
292, 602, 1,1,0.7592359790493146,0.9009839314876664
292, 603, 1,1,0.8165287310899435,1.1126962651297527
292, 604, 1,1,0.9991079902201928,1.189577215936108
293, 12, 294,8,1.9720511046273712,4.507733419668067
293, 605, 1,1,0.9877086030312494,1.2768317564602532
293, 606, 1,1,0.9012821674782532,1.0292820506515696
294, 12, 295,8,2.2032319684592165,5.439421433571121
294, 607, 1,1,0.8012863170791134,1.0616881224268115
294, 608, 1,1,0.9991666581341189,1.3418547071068774
295, 12, 296,8,1.819987882407184,3.9359788557128677
295, 609, 1,1,0.9891951826162672,1.266041819894859
295, 610, 1,1,0.9044192713922773,1.1813862232779784
296, 12, 297,7,1.8561054301161626,4.0687865961696525
296, 611, 1,1,0.7391179957205039,0.8967700652541086
296, 612, 1,1,0.792977816199083,0.905976313628209
296, 613, 1,1,0.9991183174831282,1.2727593916358984
297, 12, 298,8,1.9832327867876107,4.551074262704623
297, 614, 1,1,0.9871339192618108,1.1949165768374113
297, 615, 1,1,0.8851299684126518,1.1733948920947266
298, 12, 299,9,2.738381933647505,7.875719871155478
298, 616, 1,1,0.9992291917287593,0.9961236823223489
299, 12, 300,8,1.62614347211691,3.2555442315950454
299, 617, 1,1,0.9884352126734418,1.5223790325352566
299, 618, 1,1,0.8949477230530093,1.0896761945611264
300, 12, 301,7,1.9133777551786255,4.2832153138426365
300, 619, 1,1,0.7650796509943653,0.8202845963636187
300, 620, 1,1,0.8011365682644662,0.7977604322864406
300, 621, 1,1,0.9991465801778868,1.4925091279316012
301, 12, 302,8,1.9536073690178848,4.436630840975943
301, 622, 1,1,0.9884009648283344,1.260004456431325
301, 623, 1,1,0.8937526054574044,1.0974056182732852
302, 12, 303,8,2.2119099649427456,5.47583997164728
302, 624, 1,1,0.8141265152915275,0.9416878967291917
302, 625, 1,1,0.9990099965713097,1.6593454597346082
303, 12, 304,8,1.8156872367326824,3.9202900457149545
303, 626, 1,1,0.9882743192791656,1.1540442126783836
303, 627, 1,1,0.8989400055196237,1.1996034617960087
304, 12, 305,8,2.2730481108515987,5.735346427537331
304, 628, 1,1,0.803859384959698,0.8529930240606143
304, 629, 1,1,0.9992390717779681,0.8909649020456429
305, 12, 306,8,1.7838067159559121,3.804822154784141
305, 630, 1,1,0.9873226669957552,0.9202501853305212
305, 631, 1,1,0.9004802784058912,0.9234662341312536
306, 12, 307,8,2.287448005543043,5.797212767966428
306, 632, 1,1,0.8313288454840184,0.8462108221030284
306, 633, 1,1,0.9990149472773797,1.2448202501146604
307, 12, 308,8,1.7764869013811984,3.778518085786504
307, 634, 1,1,0.9869435822526695,1.309431055453794
307, 635, 1,1,0.8893256521453125,1.0020097415475582
308, 12, 309,7,1.8679762815864143,4.112845876970636
308, 636, 1,1,0.7448882040025956,0.9813263773146836
308, 637, 1,1,0.8127342566034989,0.9359319792004712
308, 638, 1,1,0.998995395405791,1.5925122647031016
309, 12, 310,8,1.9769880988711221,4.526847711644049
309, 639, 1,1,0.9903426443879747,1.1645035765456853
309, 640, 1,1,0.8847712699111439,1.0636655445856855
310, 12, 311,8,2.2008936320920314,5.429625981162016
310, 641, 1,1,0.8225297905101143,0.9213235389371185
310, 642, 1,1,0.9990749263355277,1.4545625944359954
311, 12, 312,8,1.8211457693212179,3.940207396864111
311, 643, 1,1,0.9891526107856542,1.102996565882851
311, 644, 1,1,0.8944696684822593,1.0236505384003052
312, 12, 313,8,2.270494526027145,5.7244050251773375
312, 645, 1,1,0.7932551865647891,1.1040045743984512
312, 646, 1,1,0.9990285742143074,0.9521872572940517
313, 12, 314,8,1.7850825656808538,3.8094149182143626
313, 647, 1,1,0.9882399776154231,1.3820565207061022
313, 648, 1,1,0.8922919691883419,1.076400346843692
314, 12, 315,7,1.8654597306820804,4.10348869912806
314, 649, 1,1,0.7419742528380732,0.8806257504494848
314, 650, 1,1,0.7872348718891659,1.0782500136772748
314, 651, 1,1,0.9990011058641974,0.9538709399543583
315, 12, 316,8,1.9782920854450052,4.531902036311466
315, 652, 1,1,0.9869877081558206,1.2413271147020484
315, 653, 1,1,0.8923116993435128,1.083766012407641
316, 12, 317,8,2.2002804968969074,5.42705876182368
316, 654, 1,1,0.7978031316565232,0.9152746874339219
316, 655, 1,1,0.9990161327346498,1.244673666411974
317, 12, 318,8,1.821449685881799,3.9413176040028652
317, 656, 1,1,0.9895931703288143,1.2038969795965428
317, 657, 1,1,0.8903217176667638,1.3202354792311728
318, 12, 319,8,2.2703523831470807,5.72379624432269
318, 658, 1,1,0.8019305983153024,1.0311364225127937
318, 659, 1,1,0.9990858043509611,1.3865384522164035
319, 12, 320,8,1.7851535926011184,3.8096706679288403
319, 660, 1,1,0.9883647873127375,1.3004854940696011
319, 661, 1,1,0.8887333623452396,1.166702417575364
320, 12, 321,8,2.2868216831670316,5.79451600559044
320, 662, 1,1,0.8160378287143183,0.8915300758058847
320, 663, 1,1,0.9991333356328406,0.9916901907477356
321, 12, 322,8,1.7768007662748804,3.779644379687369
321, 664, 1,1,0.9869998081967851,1.3771627347963307
321, 665, 1,1,0.8808654148585698,1.162413223790998
322, 12, 323,7,1.8678810288999723,4.112491538012914
322, 666, 1,1,0.7330800258123394,0.8998285309799873
322, 667, 1,1,0.7966638921167055,0.9309175302560005
322, 668, 1,1,0.9992246485946652,1.2840070290120429
323, 12, 324,8,1.9770370912979294,4.527037565582399
323, 669, 1,1,0.9885769411739205,1.3368217738148775
323, 670, 1,1,0.8829270055902728,1.0591111181833408
324, 12, 325,9,2.7420150624285773,7.893560800861037
324, 671, 1,1,0.9989951765079662,1.2982780447554303
325, 12, 326,9,2.32856545568644,5.975422299845411
325, 672, 1,1,0.9895132994007156,1.2179732112211856
326, 12, 327,9,2.444110247034248,6.4884822715389765
326, 673, 1,1,0.9990275614571902,1.2514941636482626
327, 12, 328,8,1.7091915222069507,3.5403382315306327
327, 674, 1,1,0.9886411976181236,1.3065000851651478
327, 675, 1,1,0.9110449193036725,0.9157666527871002
328, 12, 329,8,2.3017453008838293,5.858918316485247
328, 676, 1,1,0.827663363389116,0.9613963777514175
328, 677, 1,1,0.9991664169456566,1.1275294020070832
329, 12, 330,9,2.516439165106467,6.818790254467271
329, 678, 1,1,0.9870626503549107,1.6639279734831822
330, 12, 331,8,1.6451078158377155,3.3196829383670865
330, 679, 1,1,0.999051659287079,1.3783193445753121
330, 680, 1,1,0.8874548170584353,1.0470321546075099
331, 12, 332,7,1.9318061637534942,4.35320661307593
331, 681, 1,1,0.7356946954489457,0.8557858830013645
331, 682, 1,1,0.7961192383254272,0.8378130649723596
331, 683, 1,1,0.9894736373211088,1.076370374513758
332, 12, 333,8,1.9099989630428422,4.270435057494007
332, 684, 1,1,0.9991169978992545,1.264541679671093
332, 685, 1,1,0.8948945879124843,0.8200481673532837
333, 12, 334,8,2.2651283288115818,5.701441417058344
333, 686, 1,1,0.7963992357119507,0.8194969240795938
333, 687, 1,1,0.9881680391503449,1.148357632304502
334, 12, 335,8,1.7512545942563438,3.6884404616831747
334, 688, 1,1,0.9992193621782042,0.976619614367227
334, 689, 1,1,0.8983684685191387,0.9236197178764982
335, 12, 336,7,1.9068983744744394,4.258721415176067
335, 690, 1,1,0.7614644106438915,0.9558521751300986
335, 691, 1,1,0.7911332379854676,1.1051823050719078
335, 692, 1,1,0.9899468325826893,0.7841705879358531
336, 12, 337,8,1.923506079937021,4.321623013568858
336, 693, 1,1,0.9989396727000689,1.7203885679857756
336, 694, 1,1,0.8901180145227902,0.8880573176940585
337, 12, 338,8,2.2589152487073756,5.674902950390019
337, 695, 1,1,0.8075610334398917,0.9871310128172657
337, 696, 1,1,0.9882983564731878,1.2481354861348068
338, 12, 339,9,2.5047108744217343,6.764754667932417
338, 697, 1,1,0.9990657022437592,1.2080349410896396
339, 12, 340,8,1.6861828400272305,3.460419827669472
339, 698, 1,1,0.9888865479645671,0.8957394375061252
339, 699, 1,1,0.8913256691952883,0.9764880965802043
340, 12, 341,7,1.889075545974852,4.19165487632394
340, 700, 1,1,0.742541530732676,1.0618892718535975
340, 701, 1,1,0.7977698853240444,0.7932246609547561
340, 702, 1,1,0.9989904345736537,1.3545021712288785
341, 12, 342,8,1.9654751732688744,4.482327270586121
341, 703, 1,1,0.9875764320692313,1.4271852990112919
341, 704, 1,1,0.8835060413591885,0.9284556715782489
342, 12, 343,8,2.206232680179247,5.452002653298424
342, 705, 1,1,0.7958858159474237,0.9783517153044673
342, 706, 1,1,0.9991695428107336,1.3718275486588096
343, 12, 344,8,1.8184879142225983,3.9305039248418674
343, 707, 1,1,0.9881497940544083,1.5125484986577806
343, 708, 1,1,0.8961922294059421,1.0730474616945305
344, 12, 345,7,1.8565691528202808,4.070503935080826
344, 709, 1,1,0.7486912806971092,0.9335099915735873
344, 710, 1,1,0.7934864371382775,0.9204668211819784
344, 711, 1,1,0.9990191830542078,1.4478247167821818
345, 12, 346,8,1.9829951649461846,4.5501513899198285
345, 712, 1,1,0.9883299325722681,1.1100650593451284
345, 713, 1,1,0.8987385355363445,1.068916821752598
346, 12, 347,8,2.198081999123262,5.417857829666335
346, 714, 1,1,0.8188140002268102,0.8709267715591298
346, 715, 1,1,0.99922731604375,1.0648120605501747
347, 12, 348,8,1.8225412089970807,3.94530603505611
347, 716, 1,1,0.989519905349246,1.4386614116764802
347, 717, 1,1,0.8905569266475138,1.2335237554740603
348, 12, 349,9,2.828085445082655,8.321254942729773
348, 718, 1,1,0.9991920907234795,1.2806085258166455
349, 12, 350,9,2.2982824583211356,5.8439474882124
349, 719, 1,1,0.9896464472548692,1.295306179234246
350, 12, 351,8,1.7093990749461452,3.5410626738589914
350, 720, 1,1,0.9989492443070976,1.188780995468572
350, 721, 1,1,0.9042376350001154,0.9406081574731424
351, 12, 352,7,1.906404894839056,4.256858373593068
351, 722, 1,1,0.7354804814309606,0.9617950990926143
351, 723, 1,1,0.8138259880465876,1.007067602521058
351, 724, 1,1,0.9880959793362132,1.5322635866667567
352, 12, 353,8,1.9225050292014254,4.317820420396509
352, 725, 1,1,0.9990054753310352,1.1029364083998108
352, 726, 1,1,0.8825422900753874,0.9224257883203384
353, 12, 354,8,2.2592062271008704,5.676144652328849
353, 727, 1,1,0.8047222014981962,0.8747279114469336
353, 728, 1,1,0.9878454785715377,1.1947926596946963
354, 12, 355,8,1.7542036188634316,3.6989205519197426
354, 729, 1,1,0.9990629509205743,1.6375314295991217
354, 730, 1,1,0.899454596863181,1.0005103107493274
355, 12, 356,8,2.333614705756859,5.997465155769235
355, 731, 1,1,0.8064413418011945,0.8746108281932681
355, 732, 1,1,0.9889152126325356,1.39015421586972
356, 12, 357,8,1.715386120933017,3.561986985151432
356, 733, 1,1,0.999025894653559,1.372160804219798
356, 734, 1,1,0.8872993462979806,1.0970186901076002
357, 12, 358,7,1.9162613491667595,4.294135345644095
357, 735, 1,1,0.745292300190511,1.001147024556541
357, 736, 1,1,0.8042664850059114,1.0534824380574495
357, 737, 1,1,0.9877096195121166,1.305049935886422
358, 12, 359,8,1.9185431396622614,4.302784766341804
358, 738, 1,1,0.9990647660784971,1.1597949423268588
358, 739, 1,1,0.8954730141723574,1.1640693525049974
359, 12, 360,8,2.2612143661704627,5.68471721207243
359, 740, 1,1,0.8101633230221056,1.0045389658962331
359, 741, 1,1,0.9880960986776907,1.5872612460331754
360, 12, 361,8,1.7532200439325876,3.69542376898163
360, 742, 1,1,0.9991629105584979,1.0417490423612177
360, 743, 1,1,0.8817006891746662,1.3107119672544036
361, 12, 362,9,2.9027246617146156,8.699932228687807
361, 744, 1,1,0.9883416736637959,0.9212548620028307
362, 12, 363,8,1.5376449624927508,2.9632995637131114
362, 745, 1,1,0.9990417393118468,1.237583699497712
362, 746, 1,1,0.8835819328837865,1.2204897191772734
363, 12, 364,7,1.9742774529099907,4.51634878598076
363, 747, 1,1,0.7229188326970267,0.8822130276931961
363, 748, 1,1,0.8044591536936215,0.6518136218338588
363, 749, 1,1,0.986883725102119,1.3726298935768084
364, 12, 365,8,1.889086961915225,4.191697688898919
364, 750, 1,1,0.9991987895363561,1.1701199519143242
364, 751, 1,1,0.8972984680229696,1.2022550390903193
365, 12, 366,7,1.883852940200517,4.172088352268715
365, 752, 1,1,0.7317682716193543,1.0435925299674342
365, 753, 1,1,0.8029410100221614,0.8386771894156633
365, 754, 1,1,0.9896117311398678,1.104181934325068
366, 12, 367,8,1.9371457435863935,4.373576607510507
366, 755, 1,1,0.9992034561653169,1.0415007082757617
366, 756, 1,1,0.9008931967789846,0.8668788304253436
367, 12, 368,7,1.8678929533248188,4.112535896032076
367, 757, 1,1,0.7625282285540566,1.0192624288767371
367, 758, 1,1,0.7804650870387727,1.2124409652599226
367, 759, 1,1,0.9868084912128602,1.4588419901521426
368, 12, 369,8,1.9452292957767825,4.404491626378537
368, 760, 1,1,0.9991879701373774,1.3607646795940385
368, 761, 1,1,0.9035141742823818,0.9179788515376246
369, 12, 370,8,2.248998815697523,5.6326555290304725
369, 762, 1,1,0.7803544805048871,0.9005746387118972
369, 763, 1,1,0.987076580120339,1.0953496991535492
370, 12, 371,8,1.7593549787844016,3.7172575169007307
370, 764, 1,1,0.9991282436425474,1.0892712953045751
370, 765, 1,1,0.8933519920495455,0.9052086777344702
371, 12, 372,7,1.9044213352442694,4.249373311104701
371, 766, 1,1,0.7449767074570718,0.9145133844101176
371, 767, 1,1,0.8067153236965519,1.0331906307160934
371, 768, 1,1,0.9898847435696367,0.9353588393374082
372, 12, 373,8,1.924778739196697,4.326459397235623
372, 769, 1,1,0.9991212888367182,1.64090404551741
372, 770, 1,1,0.89441888007487,0.966740329561322
373, 12, 374,7,1.8716624721245414,4.126568446528831
373, 771, 1,1,0.7404360404188342,1.0408585014976484
373, 772, 1,1,0.8107143826703073,0.8865030807031548
373, 773, 1,1,0.9872034944740075,1.2544597827105868
374, 12, 375,8,1.9432913600549728,4.3970716666941865
374, 774, 1,1,0.998994835594753,1.616961225152043
374, 775, 1,1,0.9039045930327423,1.0608374562089518
375, 12, 376,8,2.2499042664234308,5.6365074726031335
375, 776, 1,1,0.7974093927099113,0.9416409773650496
375, 777, 1,1,0.9888354241184487,1.0070732695866211
376, 12, 377,8,1.7589024515294258,3.7156451396942387
376, 778, 1,1,0.9990373687095453,1.082463270862697
376, 779, 1,1,0.8907455042971945,1.2333511782758735
377, 12, 378,7,1.90456154926108,4.249902231560563
377, 780, 1,1,0.7417730135000226,0.7988684870982449
377, 781, 1,1,0.8185407637969461,0.8006462621189471
377, 782, 1,1,0.989681139606404,1.1013830073996824
378, 12, 379,8,1.9247068727206387,4.326186227535754
378, 783, 1,1,0.9991735334821713,0.9727329853339439
378, 784, 1,1,0.8782022515422974,1.1617018439550626
379, 12, 380,8,2.2583555874221704,5.672515014730809
379, 785, 1,1,0.8075169224302169,0.8524520793218594
379, 786, 1,1,0.9871703063041904,1.4532450808650084
380, 12, 381,8,1.754651336856683,3.700512734452074
380, 787, 1,1,0.9990502116369783,1.1405143793838222
380, 788, 1,1,0.902193689043557,0.8971818764964121
381, 12, 382,8,2.333413280931549,5.996585158188169
381, 789, 1,1,0.8026372047685553,1.077567282710687
381, 790, 1,1,0.989627351067992,1.4446292309823123
382, 12, 383,8,1.715488923982287,3.5623467323401274
382, 791, 1,1,0.9991153113146969,1.1217811629783712
382, 792, 1,1,0.9037857124341196,1.1155296581903411
383, 12, 384,9,2.9240971883890383,8.80968958055044
383, 793, 1,1,0.9872235805961803,1.4429089914261206
384, 12, 385,9,2.219656203096378,5.508435768460378
384, 794, 1,1,0.9991558317139202,1.4277371831538275
385, 12, 386,8,1.789259007118449,3.82446562205986
385, 795, 1,1,0.9878948004648324,1.1949334108405283
385, 796, 1,1,0.8939012995723429,0.8064193123215049
386, 12, 387,8,2.2647652879463513,5.699889276082993
386, 797, 1,1,0.8258471069726561,0.8191385455752924
386, 798, 1,1,0.998969750670953,1.5658101683168915
387, 12, 388,8,1.7866837314911495,3.8151820789012767
387, 799, 1,1,0.9897375131385227,1.1678188756228336
387, 800, 1,1,0.9031132403452428,1.0305276795973162
388, 12, 389,8,2.285979355554031,5.790890031667006
388, 801, 1,1,0.7938024198008774,0.7903120321060169
388, 802, 1,1,0.999193969405285,1.1606395314834685
389, 12, 390,8,1.777211991858928,3.7811202653312024
389, 803, 1,1,0.9875492205699518,1.3199324215926993
389, 804, 1,1,0.8979463606153746,1.109749486739632
390, 12, 391,7,1.8677520921578012,4.112011915435391
390, 805, 1,1,0.7470239265434161,0.802616547516144
390, 806, 1,1,0.7810518038036994,1.0876286667471693
390, 807, 1,1,0.9992382030575774,1.1811306685799465
391, 12, 392,8,1.9771029766898156,4.527292887964614
391, 808, 1,1,0.9882586090374282,1.1888215955664967
391, 809, 1,1,0.8974471476299718,1.0208915725614007
392, 12, 393,8,2.200839443846586,5.4293990721481995
392, 810, 1,1,0.8092111629953946,1.0343430331114778
392, 811, 1,1,0.999053111386896,1.0785961321600068
393, 12, 394,8,1.8211726053259412,3.940305423427122
393, 812, 1,1,0.9875184685337126,1.2514971652931954
393, 813, 1,1,0.8966282216838134,1.2619880726564012
394, 12, 395,8,2.2704819687943765,5.724351242947618
394, 814, 1,1,0.803254884553682,1.2013133878296436
394, 815, 1,1,0.9991686026425991,1.071875145798819
395, 12, 396,8,1.7850888390603181,3.8094375067500046
395, 816, 1,1,0.9884023160100152,1.1469842734914513
395, 817, 1,1,0.8880255727947733,1.2944607593152215
396, 12, 397,8,2.2868517923507756,5.794645634745611
396, 818, 1,1,0.8359420355926452,0.8153930385253593
396, 819, 1,1,0.9990742213960209,1.2265011285757472
397, 12, 398,8,1.7767856772912718,3.779590230096199
397, 820, 1,1,0.9888876938188819,1.3270201657426068
397, 821, 1,1,0.8960185504413349,0.9825083895736924
398, 12, 399,8,2.290676329232371,5.81112148453286
398, 822, 1,1,0.7988291804190314,0.8894982494982341
398, 823, 1,1,0.9990450614982879,1.3684233435147544
399, 12, 400,8,1.7748604106109584,3.772683764286597
399, 824, 1,1,0.989659092233154,1.302040374742187
399, 825, 1,1,0.9087497196038421,1.1000874475727147
400, 12, 401,8,2.291567389974077,5.814962981689496
400, 826, 1,1,0.7907322679260874,0.7540935662100888
400, 827, 1,1,0.9990945955543626,1.3496307670902354
401, 12, 402,8,1.7744128737744278,3.7710790952063675
401, 828, 1,1,0.9877912439954373,1.5045417674827364
401, 829, 1,1,0.8917148174959484,0.9143117654898107
402, 12, 403,8,2.291774818136915,5.815857391201791
402, 830, 1,1,0.7957152634467448,1.1158661047046623
402, 831, 1,1,0.9989519053981567,1.3288817784593803
403, 12, 404,8,1.7743087633499228,3.7707058429230744
403, 832, 1,1,0.9887804763484265,1.4672921963038457
403, 833, 1,1,0.8839509893683278,1.1717288338075162
404, 12, 405,8,2.291823092713845,5.816065554774418
404, 834, 1,1,0.7962127570933683,0.7409504599744462
404, 835, 1,1,0.9991320273342735,1.226065490817463
405, 12, 406,8,1.7742845387219666,3.770618996066989
405, 836, 1,1,0.9895408322134523,0.9131195735402745
405, 837, 1,1,0.8824517102302835,1.1435432162497268
406, 12, 407,8,2.291834326768719,5.816113997312103
406, 838, 1,1,0.8022883748251883,0.9048905348940312
406, 839, 1,1,0.9990144183005,1.2279208695787163
407, 12, 408,8,1.774278901701925,3.770598787108033
407, 840, 1,1,0.988742430595761,1.3703041898349442
407, 841, 1,1,0.896322537316368,1.0524442254381028
408, 12, 409,8,2.4325256096226564,6.436229917240682
408, 842, 1,1,0.7446242781930618,0.8163972960928869
408, 843, 1,1,0.999002089981482,1.5251272952946562
409, 12, 410,9,2.4134081742270466,6.350395820399323
409, 844, 1,1,0.9882810656201674,0.8952545608948022
410, 12, 411,8,1.672974543124322,3.41489296267528
410, 845, 1,1,0.9990536155348327,1.3505036773434902
410, 846, 1,1,0.8940530491855352,1.185682427501425
411, 12, 412,8,2.348896519907689,6.0643899455324055
411, 847, 1,1,0.7859663321198891,0.8043686540079973
411, 848, 1,1,0.9899040079755114,1.2698964608718586
412, 12, 413,8,1.7066056219800383,3.5313176864468296
412, 849, 1,1,0.9991020034574943,1.2471132754996517
412, 850, 1,1,0.8971205473268573,1.2246196690418967
413, 12, 414,7,1.9189876253329667,4.30447050889442
413, 851, 1,1,0.7360927981571695,0.9825383044990369
413, 852, 1,1,0.7981673145059632,0.9437782425907681
413, 853, 1,1,0.9868857364294373,1.1623329367405761
414, 12, 415,8,1.9171458668636236,4.297487344257566
414, 854, 1,1,0.999072751323889,1.131193613116669
414, 855, 1,1,0.8863297671814984,1.2743354826051176
415, 12, 416,7,1.874223559676913,4.136114052144235
415, 856, 1,1,0.7287362702406253,0.9201401652350614
415, 857, 1,1,0.7869422381534567,0.8055493976906627
415, 858, 1,1,0.988143020840744,1.1057138069659382
416, 12, 417,8,1.9419969767512058,4.392118705764806
416, 859, 1,1,0.9992227638999354,1.256254631207718
416, 860, 1,1,0.8931975730554179,1.0073782515027918
417, 12, 418,9,2.7977331190674546,8.169329595106507
417, 861, 1,1,0.9898184761437109,1.1105756770239799
418, 12, 419,8,1.5678165841824958,3.0616219051191407
418, 862, 1,1,0.9990815004360656,1.3423021832131883
418, 863, 1,1,0.8921756069232505,1.193384066472698
419, 12, 420,7,1.9623498400128616,4.470273976348751
419, 864, 1,1,0.7328955856754414,0.8760098758380644
419, 865, 1,1,0.8110500084670564,0.9086376244441282
419, 866, 1,1,0.9890684767521901,1.4896030444850288
420, 12, 421,8,1.8949598958885199,4.213747307555753
420, 867, 1,1,0.9989077907115965,1.3402809676358656
420, 868, 1,1,0.9056855984743114,1.2402793488143313
421, 12, 422,8,2.2722480656704582,5.731917496975093
421, 869, 1,1,0.7915654932499698,0.8326168898128915
421, 870, 1,1,0.9880113848318168,0.9101983152343798
422, 12, 423,8,1.7477099358275803,3.675860378366054
422, 871, 1,1,0.9990645187900121,1.4106929429729707
422, 872, 1,1,0.884140858659851,1.0051819102169757
423, 12, 424,8,2.3366297827964777,6.010644202419251
423, 873, 1,1,0.821950960488204,0.8589136363784345
423, 874, 1,1,0.9890282169187985,1.5025115358895513
424, 12, 425,9,2.4583722384827995,6.55305841060094
424, 875, 1,1,0.9990664007066422,1.3624505446039537
425, 12, 426,8,1.7007809530710245,3.511035007836109
425, 876, 1,1,0.9895210607252152,0.9153104964625753
425, 877, 1,1,0.8908570224198284,1.0536284168830496
426, 12, 427,7,1.8831666870089663,4.169520198081095
426, 878, 1,1,0.7238951039525527,0.8913435595016366
426, 879, 1,1,0.815969478929102,1.1784598599349387
426, 880, 1,1,0.99910249683892,1.3094232199195168
427, 12, 428,8,1.9683601235084538,4.4934657615528435
427, 881, 1,1,0.9872303565384482,1.1434847391553675
427, 882, 1,1,0.9060575390810908,0.9443745623919957
428, 12, 429,9,2.747061579226794,7.9183709780883405
428, 883, 1,1,0.9991284514879728,1.460980378567113
429, 12, 430,9,2.3265587529217004,5.966671519069059
429, 884, 1,1,0.9896143941171113,1.033662087531672
430, 12, 431,8,1.7019589198391578,3.515132920054302
430, 885, 1,1,0.9990197305008968,1.3993841458506595
430, 886, 1,1,0.8927384419429046,1.058357737755289
431, 12, 432,7,1.909341376256266,4.26794963090478
431, 887, 1,1,0.7514320725331954,0.8807823219091657
431, 888, 1,1,0.8339996436899348,0.8755923668406329
431, 889, 1,1,0.9895746943472343,0.90383191657759
432, 12, 433,8,1.921059662188261,4.312332561618435
432, 890, 1,1,0.9990666438090784,1.1095654620640045
432, 891, 1,1,0.908409022152401,1.0586671360172553
433, 12, 434,9,2.8097388845244256,8.229280061599917
433, 892, 1,1,0.9891302533702464,1.2005449859385622
434, 12, 435,9,2.261561109110714,5.686197984389891
434, 893, 1,1,0.9992511841547734,1.13314013257128
435, 12, 436,7,1.2884306279116542,2.204014779110723
435, 894, 1,1,0.7870956813562285,1.051744386200938
435, 895, 1,1,0.9890664247119911,1.3124064376900468
435, 896, 1,1,0.8994616037340737,0.9304735104332564
436, 12, 437,7,2.329678063390803,5.9802764911095405
436, 897, 1,1,0.657570780100063,0.8051620275284417
436, 898, 1,1,0.7205823192305941,1.0742308645869536
436, 899, 1,1,0.9991478947308036,1.2480577685306502
437, 12, 438,9,2.4635707166088263,6.576664219707597
437, 900, 1,1,0.989631096507128,1.3989378357844353
438, 12, 439,8,1.66116480103589,3.3744038862052084
438, 901, 1,1,0.9991610428948595,1.4649872098310939
438, 902, 1,1,0.8912819924320691,1.3854307498893172
439, 12, 440,8,2.5200631285751705,6.835524016235971
439, 903, 1,1,0.7556006453736483,0.9171968150292307
439, 904, 1,1,0.9892292491027213,1.0103372797751562
440, 12, 441,8,1.6043935759365733,3.182640112192176
440, 905, 1,1,0.9991093189781162,1.0562588386845726
440, 906, 1,1,0.8845889194612885,1.0553840366746614
441, 12, 442,7,1.9478933138651986,4.414700302184556
441, 907, 1,1,0.7248105494624567,0.9068214185723666
441, 908, 1,1,0.8192344357154359,0.9134012130902383
441, 909, 1,1,0.9890485105903082,1.3156029267084413
442, 12, 443,8,1.9020782085454095,4.240538630985475
442, 910, 1,1,0.9990475995740915,1.5151649464433488
442, 911, 1,1,0.8830464241712662,0.9642896978466242
443, 12, 444,8,2.268877990415259,5.717483227174434
443, 912, 1,1,0.7856362884731217,1.229915275055886
443, 913, 1,1,0.9885645662803814,1.658501280282742
444, 12, 445,8,1.7493877744853088,3.6818127922672343
444, 914, 1,1,0.9990278152047365,1.5848546173749574
444, 915, 1,1,0.904374744585228,1.1129600892185114
445, 12, 446,8,2.3358482619703107,6.007226951917184
445, 916, 1,1,0.8040335747860599,1.1800690127785338
445, 917, 1,1,0.9892148156144807,0.9758347681198104
446, 12, 447,8,1.7142609871527923,3.5580507214427386
446, 918, 1,1,0.9989771875657297,1.2477012188350958
446, 919, 1,1,0.9096170438400822,1.0760831734010892
447, 12, 448,8,2.3515627486169786,6.076098826386639
447, 920, 1,1,0.8210703366711591,0.9802581565699005
447, 921, 1,1,0.9887614470958048,1.018979569789993
448, 12, 449,8,1.70620823774824,3.529932335428938
448, 922, 1,1,0.9991262009304825,1.3632870820678031
448, 923, 1,1,0.8959096281836962,1.1761836402388475
449, 12, 450,7,1.918888649077704,4.304095110287984
449, 924, 1,1,0.7280361756399142,0.7646627945530441
449, 925, 1,1,0.7943230408072584,0.9961404171997295
449, 926, 1,1,0.9891532432222992,1.044585525948492
450, 12, 451,8,1.9171759265835395,4.297601279171046
450, 927, 1,1,0.9989929052205218,1.4450467802413287
450, 928, 1,1,0.8945499424506618,0.7649564313823941
451, 12, 452,8,2.2618511811084954,5.687436868776378
451, 929, 1,1,0.7853272914361578,0.9717657832010378
451, 930, 1,1,0.9877070662486735,1.5766837832109224
452, 12, 453,8,1.75290164225252,3.6942920960415035
452, 931, 1,1,0.9990927298010513,1.3823472784433637
452, 932, 1,1,0.8897796054442765,0.9867390121061428
453, 12, 454,8,2.33422252553411,6.000120971535275
453, 933, 1,1,0.8030523301954625,1.0513269182930587
453, 934, 1,1,0.9899974799431437,1.102968384169943
454, 12, 455,8,1.7150807852175016,3.560918589773527
454, 935, 1,1,0.9991187356765364,1.0083725771913272
454, 936, 1,1,0.8953830518537708,1.0274511590781907
455, 12, 456,8,2.3511858018076,6.074442859922346
455, 937, 1,1,0.7957174995126561,0.7304377739341771
455, 938, 1,1,0.987714995356021,1.3349099715175938
456, 12, 457,8,1.706398879691386,3.5305969177863146
456, 939, 1,1,0.9991793966930302,1.2378165714943035
456, 940, 1,1,0.8867106731310009,1.0218662025934084
457, 12, 458,8,2.355135883854426,6.091805548512565
457, 941, 1,1,0.8079344806646656,1.0883194328786274
457, 942, 1,1,0.9880318403767472,1.505600043301994
458, 12, 459,9,2.447504721042216,6.503827168556472
458, 943, 1,1,0.9991388322700673,1.5153353300212062
459, 12, 460,8,1.7040683177062086,3.522476172820024
459, 944, 1,1,0.9901612269111284,0.8918444900406756
459, 945, 1,1,0.9047381327823532,1.0279308635039277
460, 12, 461,8,2.307223001183281,5.882633303615744
460, 946, 1,1,0.7925589495856098,1.0181825540352962
460, 947, 1,1,0.9991685973599305,1.3101876531909786
461, 12, 462,8,1.7655992652347532,3.7395365898796484
461, 948, 1,1,0.987578874324796,1.3563127297585305
461, 949, 1,1,0.902280318599114,1.0567527593851214
462, 12, 463,8,2.295790059298659,5.833182274179248
462, 950, 1,1,0.7941944520701415,0.9006712364361993
462, 951, 1,1,0.9990559096093832,1.1183134335119185
463, 12, 464,8,1.772294312861348,3.7634868145610008
463, 952, 1,1,0.9894869747106985,0.976955938206248
463, 953, 1,1,0.9055503174935673,0.9158840174217664
464, 12, 465,8,2.2927585782918385,5.8201000660409665
464, 954, 1,1,0.7754833966240322,0.9593576445699182
464, 955, 1,1,0.9992195183750588,0.813682472713347
465, 12, 466,8,1.7738155375606857,3.7689377643106123
465, 956, 1,1,0.9905231750736678,1.1779655657472776
465, 957, 1,1,0.8965668548860453,1.0450162333541764
466, 12, 467,9,2.855993699335603,8.462001852877808
466, 958, 1,1,0.9990240981561873,1.2944874806362403
467, 12, 468,9,2.562249717653102,7.0316091898893305
467, 959, 1,1,0.8826786855280069,1.1224132447720452
468, 12, 469,8,1.287915799476794,2.2025453664151553
468, 960, 1,1,0.9989472234969824,1.117652262356585
468, 961, 1,1,0.9893447337976006,1.238446581911794
469, 12, 470,7,2.2734675980780925,5.737144666370509
469, 962, 1,1,0.754295960323924,0.8472043176079447
469, 963, 1,1,0.792141067455174,1.1140011244463355
469, 964, 1,1,0.8816399729451287,1.1944584569671584
470, 12, 471,8,1.4121335410755314,2.569017221405834
470, 965, 1,1,0.9990766541236296,1.1786045972366763
470, 966, 1,1,0.9876605843726552,1.3529458030257242
471, 12, 472,6,1.972072349649322,4.50781559904629
471, 967, 1,1,0.6816736436676781,0.8017612068478563
471, 968, 1,1,0.7376533204152222,0.827313199547805
471, 969, 1,1,0.7796175465836027,1.1729165688202525
471, 970, 1,1,0.8945887279690073,0.992006913741058
472, 12, 473,8,1.5646056804872126,3.051093569843051
472, 971, 1,1,0.9992586590828125,0.8433532544377016
472, 972, 1,1,0.9881126034551504,1.0803040216000772
473, 12, 474,7,2.216254435250386,5.494111130955327
473, 973, 1,1,0.7564895269147806,0.9714211733572676
473, 974, 1,1,0.815526764466277,0.8582995491184118
473, 975, 1,1,0.9015540125923406,1.448003622536205
474, 12, 475,8,1.4419222475926832,2.660431610811678
474, 976, 1,1,0.9991608005372793,1.162544453615601
474, 977, 1,1,0.9880010656920069,1.172378484280531
475, 12, 476,7,2.453087588822811,6.52909846976659
475, 978, 1,1,0.6570976799361513,0.748211136223859
475, 979, 1,1,0.81076592930926,0.7842123733880533
475, 980, 1,1,0.8865429261532893,1.0236847429887057
476, 12, 477,8,1.3369140406712785,2.344248109911959
476, 981, 1,1,0.999152451526076,0.9741862555101146
476, 982, 1,1,0.9888070373114921,1.4503002716907132
477, 12, 478,7,2.2582688235448938,5.6721448532148155
477, 983, 1,1,0.7441954194725949,0.8903649422848976
477, 984, 1,1,0.7904695341244935,1.0333446891987639
477, 985, 1,1,0.9096924599593049,0.8043579741486837
478, 12, 479,8,1.4199646961872783,2.5929178177971317
478, 986, 1,1,0.999066938595635,0.9708253888694678
478, 987, 1,1,0.9878535269531767,1.3238150155335455
479, 12, 480,6,1.971983591170367,4.507472270306661
479, 988, 1,1,0.6468126374546292,0.7786447090565843
479, 989, 1,1,0.7437028996606893,1.0698096331472224
479, 990, 1,1,0.7836169346564711,1.0096181578428312
479, 991, 1,1,0.8906045953536769,1.4044657332021762
480, 12, 481,8,1.5646769558918108,3.051327109928666
480, 992, 1,1,0.9991230947754989,1.2551437741504659
480, 993, 1,1,0.9882579972253529,1.340503450143117
481, 12, 482,7,2.2162402499193905,5.494051430704051
481, 994, 1,1,0.7275242752483368,0.8437141814071822
481, 995, 1,1,0.8089205804233971,0.7643638624837649
481, 996, 1,1,0.898647440720377,1.2065464070309315
482, 12, 483,8,1.4419296427066195,2.6604544727374604
482, 997, 1,1,0.9991125689890131,1.4564565207446147
482, 998, 1,1,0.986551081428288,1.387245665274486
483, 12, 484,7,2.2544527043755105,5.6558743061923105
483, 999, 1,1,0.7786604487405815,0.7848642678475055
483, 1000, 1,1,0.8098275092444319,0.8282051736960481
483, 1001, 1,1,0.895830124589304,0.9006412466784646
484, 12, 485,8,1.4222414925956788,2.5998841718608303
484, 1002, 1,1,0.9991364678929829,1.5792317446882245
484, 1003, 1,1,0.9889870640018152,1.3451140125385388
485, 12, 486,7,2.2604313222262924,5.681373813439288
485, 1004, 1,1,0.7339467865568454,0.7873531659062056
485, 1005, 1,1,0.8034843758575768,1.076284790980297
485, 1006, 1,1,0.9114272941577971,0.6813121442781218
486, 12, 487,8,1.4191603862334676,2.5904587506352557
486, 1007, 1,1,0.9989724446827494,1.3961440214268497
486, 1008, 1,1,0.9885603063290929,1.0849536829424256
487, 12, 488,8,2.7456248653439,7.911304276233664
487, 1009, 1,1,0.7823501552351889,0.9929069501517405
487, 1010, 1,1,0.8965284095878486,0.8283351318863937
488, 12, 489,8,1.1900641893302808,1.9308359919544726
488, 1011, 1,1,0.999082909467502,1.459467657801658
488, 1012, 1,1,0.988288393713228,1.1932479681377364
489, 12, 490,7,2.303826269103954,5.86792278075424
489, 1013, 1,1,0.745402897326955,0.9163824740089415
489, 1014, 1,1,0.8094456205244857,0.8072819828114346
489, 1015, 1,1,0.8845887393109941,1.182342612723454
490, 12, 491,8,1.3964915392008774,2.5215591674033937
490, 1016, 1,1,0.9989958237429091,1.1670936171273536
490, 1017, 1,1,0.9873968429824663,1.3228621827229565
491, 12, 492,7,2.2681685493406603,5.714446619846044
491, 1018, 1,1,0.7616407908672703,0.6503097004478454
491, 1019, 1,1,0.8330595973469913,0.875721012475932
491, 1020, 1,1,0.8972150227401505,1.2293221362255775
492, 12, 493,8,1.4151709118791624,2.5782761045852416
492, 1021, 1,1,0.9990129238375772,1.1666561676959222
492, 1022, 1,1,0.9897372344372097,1.262856968701272
493, 12, 494,7,2.262577533962908,5.690539594160209
493, 1023, 1,1,0.7611290102709477,1.0787744998711573
493, 1024, 1,1,0.8091700871175594,0.629264114515072
493, 1025, 1,1,0.8887846910009112,1.028938539636061
494, 12, 495,8,1.4180545608789985,2.5870794564481847
494, 1026, 1,1,0.9990445064325181,1.4311170616092401
494, 1027, 1,1,0.9882146712975707,1.3864782926726114
495, 12, 496,8,2.7461026015272227,7.913653796987668
495, 1028, 1,1,0.786754816001566,0.961854609203456
495, 1029, 1,1,0.8993118159266689,1.4015869435457162
496, 12, 497,8,1.1898558077937933,1.9302735552731842
496, 1030, 1,1,0.9991651286676575,1.171936917582974
496, 1031, 1,1,0.9894992413913618,1.2400330309653822
497, 12, 498,6,1.974584023801387,4.517535681363984
497, 1032, 1,1,0.6571640444109169,0.7543445160085751
497, 1033, 1,1,0.7635015583167521,0.6077206601848977
497, 1034, 1,1,0.8126807026041679,0.8786715011357226
497, 1035, 1,1,0.8982213977193034,1.3692799797554611
498, 12, 499,8,1.5625887467202473,3.044488056664212
498, 1036, 1,1,0.9992341605285309,1.0877940172505656
498, 1037, 1,1,0.9873302857374842,1.24947776033855
499, 12, 500,7,2.216655850673921,5.495800638860623
499, 1038, 1,1,0.7499728042625211,0.682257050890117
499, 1039, 1,1,0.8060856308943951,1.0710147983639522
499, 1040, 1,1,0.9054929197506416,1.152815766950671
